"createdAt","updatedAt","CategoryId","ProductId"
"2017-12-05 21:53:24.006-05","2017-12-05 21:53:24.006-05",1,1
"2017-12-05 21:53:24.006-05","2017-12-05 21:53:24.006-05",3,1
"2017-12-05 21:53:24.006-05","2017-12-05 21:53:24.006-05",10,1
"2017-12-05 21:56:41.984-05","2017-12-05 21:56:41.984-05",2,2
"2017-12-05 21:56:41.984-05","2017-12-05 21:56:41.984-05",11,2
"2017-12-05 22:01:39.823-05","2017-12-05 22:01:39.823-05",1,3
"2017-12-05 22:01:39.823-05","2017-12-05 22:01:39.823-05",5,3
"2017-12-05 22:01:39.823-05","2017-12-05 22:01:39.823-05",12,3
"2017-12-05 22:03:55.893-05","2017-12-05 22:03:55.893-05",1,4
"2017-12-05 22:03:55.893-05","2017-12-05 22:03:55.893-05",3,4
"2017-12-05 22:03:55.893-05","2017-12-05 22:03:55.893-05",5,4
"2017-12-05 22:03:55.893-05","2017-12-05 22:03:55.893-05",13,4
"2017-12-05 22:06:51.487-05","2017-12-05 22:06:51.487-05",1,5
"2017-12-05 22:06:51.487-05","2017-12-05 22:06:51.487-05",12,5
"2017-12-05 22:06:51.487-05","2017-12-05 22:06:51.487-05",14,5
"2017-12-05 22:09:11.108-05","2017-12-05 22:09:11.108-05",2,6
"2017-12-05 22:09:11.108-05","2017-12-05 22:09:11.108-05",3,6
"2017-12-05 22:09:11.108-05","2017-12-05 22:09:11.108-05",7,6
"2017-12-05 22:12:57.831-05","2017-12-05 22:12:57.831-05",2,7
"2017-12-05 22:12:57.831-05","2017-12-05 22:12:57.831-05",5,7
"2017-12-05 22:12:57.831-05","2017-12-05 22:12:57.831-05",12,7
"2017-12-05 22:12:57.831-05","2017-12-05 22:12:57.831-05",14,7
"2017-12-05 22:24:53.913-05","2017-12-05 22:24:53.913-05",1,8
"2017-12-05 22:24:53.913-05","2017-12-05 22:24:53.913-05",5,8
"2017-12-05 22:24:53.913-05","2017-12-05 22:24:53.913-05",13,8
"2017-12-05 22:27:23.478-05","2017-12-05 22:27:23.478-05",12,9
"2017-12-05 22:27:23.478-05","2017-12-05 22:27:23.478-05",16,9
"2017-12-05 22:27:23.478-05","2017-12-05 22:27:23.478-05",2,9
"2017-12-05 22:34:08.785-05","2017-12-05 22:34:08.785-05",2,10
"2017-12-05 22:34:08.785-05","2017-12-05 22:34:08.785-05",4,10
